customer_id,customer_name,age,gender,email,city
1,Graham Sutton,22,Male,graham.sutton@example.com,Lyon
2,Henry Alvarado,36,Male,henry.alvarado@example.com,Mendoza
3,Hannah Carr,74,Female,hannah.carr@example.com,Nice
4,Carter Carpenter,40,Male,carter.carpenter@example.com,Brasília
5,Ashley Salazar,66,Female,ashley.salazar@example.com,Sousse
6,Amelia Hudson,64,Female,amelia.hudson@example.com,Moscou
7,Isaiah Morrison,54,Male,isaiah.morrison@example.com,Chengdu
8,Alexa Richardson,30,Female,alexa.richardson@example.com,Francfort
9,Emmanuel Taylor,74,Male,emmanuel.taylor@example.com,Guangzhou
10,Bailey Klein,44,Female,bailey.klein@example.com,Annaba
11,Laila Houston,37,Female,laila.houston@example.com,Cape Town
12,Gianna Brown,56,Female,gianna.brown@example.com,Annaba
13,Charlie Frederick,22,Female,charlie.frederick@example.com,Toronto
14,Leonardo Ross,75,Male,leonardo.ross@example.com,Cologne
15,Adaline Small,54,Female,adaline.small@example.com,Toulouse
16,Blakely Vega,51,Female,blakely.vega@example.com,Salvador
17,Clara Stone,68,Female,clara.stone@example.com,Salvador
18,Cora Moreno,29,Female,cora.moreno@example.com,Moscou
19,Isabelle Chapman,49,Female,isabelle.chapman@example.com,Cologne
20,Christian Gutierrez,49,Male,christian.gutierrez@example.com,Shanghai
21,Dahlia Thornton,41,Female,dahlia.thornton@example.com,Californie
22,Quinn Lawson,42,Female,quinn.lawson@example.com,Bruxelles
23,Silas Reed,64,Male,silas.reed@example.com,Sousse
24,Bella Stephens,64,Female,bella.stephens@example.com,Los Angeles
25,River Gonzales,26,Male,river.gonzales@example.com,La Plata
26,Mateo Davidson,27,Male,mateo.davidson@example.com,Fortaleza
27,Addison Rivera,47,Female,addison.rivera@example.com,Sousse
28,Laila Welch,19,Female,laila.welch@example.com,Anvers
29,Brooks Dixon,42,Male,brooks.dixon@example.com,Rio de Janeiro
30,Cameron Stephens,74,Male,cameron.stephens@example.com,Cape Town
31,Ivy Becker,49,Female,ivy.becker@example.com,Montréal
32,Tessa Li,55,Female,tessa.li@example.com,Guangzhou
33,Emilia Ramirez,69,Female,emilia.ramirez@example.com,Chengdu
34,Elias Logan,28,Male,elias.logan@example.com,La Plata
35,Aaron Perkins,58,Male,aaron.perkins@example.com,Montréal
36,Nicolas Frazier,72,Male,nicolas.frazier@example.com,Sfax
37,Isla Kim,54,Female,isla.kim@example.com,Cologne
38,Jude Daniels,46,Male,jude.daniels@example.com,Montréal
39,William Leonard,50,Male,william.leonard@example.com,Naples
40,Diego Sutton,30,Male,diego.sutton@example.com,Sousse
41,Elena Leonard,34,Female,elena.leonard@example.com,Perth
42,Ayden Edwards,22,Male,ayden.edwards@example.com,La Plata
43,Ayden Sims,24,Male,ayden.sims@example.com,Durban
44,Kingston Logan,31,Male,kingston.logan@example.com,Annaba
45,Robert Reed,23,Male,robert.reed@example.com,Palermo
46,Beau Harper,52,Male,beau.harper@example.com,Johannesburg
47,Richard Lane,31,Male,richard.lane@example.com,Chengdu
48,Luis Wade,18,Male,luis.wade@example.com,Ankara
49,Ava Santos,26,Female,ava.santos@example.com,Buenos Aires
50,Asher Holland,42,Male,asher.holland@example.com,Rosario
51,Benjamin Erickson,40,Male,benjamin.erickson@example.com,Constantine
52,Addison Bell,51,Female,addison.bell@example.com,Melbourne
53,Skylar Meyer,52,Female,skylar.meyer@example.com,Kazan
54,Kinsley Potter,63,Female,kinsley.potter@example.com,Mendoza
55,Carlos Lopez,68,Male,carlos.lopez@example.com,Madrid
56,Mckenzie Burton,55,Female,mckenzie.burton@example.com,Bruxelles
57,Amaya Merritt,48,Female,amaya.merritt@example.com,Barcelone
58,Karter Hunter,24,Male,karter.hunter@example.com,Mendoza
59,Nina Salazar,43,Female,nina.salazar@example.com,Nice
60,Brooke Myers,60,Female,brooke.myers@example.com,Sfax
61,Leo Fields,54,Male,leo.fields@example.com,Ottawa
62,Victor Simpson,44,Male,victor.simpson@example.com,Izmir
63,Reagan Richards,48,Female,reagan.richards@example.com,Durban
64,Graham Walsh,31,Male,graham.walsh@example.com,Fortaleza
65,Amara Wolfe,23,Female,amara.wolfe@example.com,Johannesburg
66,Barrett Frost,35,Male,barrett.frost@example.com,Gand
67,Melody Thornton,58,Female,melody.thornton@example.com,Oran
68,Jack Hamilton,19,Male,jack.hamilton@example.com,Valence
69,Ezra Knight,44,Male,ezra.knight@example.com,Ankara
70,Rowan Romero,35,Male,rowan.romero@example.com,Toronto
71,Anthony Clark,42,Male,anthony.clark@example.com,Oran
72,Adam Mathis,20,Male,adam.mathis@example.com,Rio de Janeiro
73,Piper Cooper,53,Female,piper.cooper@example.com,Johannesburg
74,Graham Watkins,23,Male,graham.watkins@example.com,Anvers
75,Eden Ford,60,Female,eden.ford@example.com,Phoenix
76,Aiden Wood,53,Male,aiden.wood@example.com,Toronto
77,James Gallagher,31,Male,james.gallagher@example.com,Oran
78,Gabriella Long,26,Female,gabriella.long@example.com,Constantine
79,Isabella Castaneda,32,Female,isabella.castaneda@example.com,Anvers
80,Gabriela Andrews,56,Female,gabriela.andrews@example.com,Annaba
81,Owen Evans,28,Male,owen.evans@example.com,Paris
82,Lucas May,42,Male,lucas.may@example.com,La Plata
83,Miles Schwartz,39,Male,miles.schwartz@example.com,Chengdu
84,Sophia Howard,69,Female,sophia.howard@example.com,Cape Town
85,Carlos Mcdaniel,40,Male,carlos.mcdaniel@example.com,Anvers
86,Legend Vega,29,Male,legend.vega@example.com,Fortaleza
87,Kimberly Meadows,40,Female,kimberly.meadows@example.com,Toronto
88,Maverick Hunter,64,Male,maverick.hunter@example.com,Rio de Janeiro
89,Emmett Hawkins,20,Male,emmett.hawkins@example.com,Naples
90,Leah Juarez,64,Female,leah.juarez@example.com,Annaba
91,Luka Le,65,Male,luka.le@example.com,Barcelone
92,Angel Hamilton,36,Male,angel.hamilton@example.com,Californie
93,Lorenzo Jenkins,18,Male,lorenzo.jenkins@example.com,Constantine
94,Lily Jimenez,36,Female,lily.jimenez@example.com,Barcelone
95,Emilia Ayala,19,Female,emilia.ayala@example.com,Valence
96,Naomi Day,67,Female,naomi.day@example.com,Los Angeles
97,Ezekiel Adams,37,Male,ezekiel.adams@example.com,Naples
98,Brooklynn Romero,63,Female,brooklynn.romero@example.com,Valence
99,Eliza Rios,44,Female,eliza.rios@example.com,Johannesburg
100,Amira Tate,33,Female,amira.tate@example.com,Shanghai
101,Jackson Vasquez,71,Male,jackson.vasquez@example.com,Oran
102,Alejandro Hart,36,Male,alejandro.hart@example.com,Rio de Janeiro
103,Olivia Rodgers,70,Female,olivia.rodgers@example.com,Ankara
104,Kevin Kelley,38,Male,kevin.kelley@example.com,Sfax
105,Clara Roberts,30,Female,clara.roberts@example.com,La Plata
106,Walker Rhodes,26,Male,walker.rhodes@example.com,Bruges
107,Gabriel Dean,29,Male,gabriel.dean@example.com,Alger
108,Kinsley Bowman,71,Female,kinsley.bowman@example.com,Durban
109,Gabrielle Gray,46,Female,gabrielle.gray@example.com,Sousse
110,Miguel Marquez,30,Male,miguel.marquez@example.com,Ottawa
111,Noah Mendoza,29,Male,noah.mendoza@example.com,Ottawa
112,Willow Chen,54,Female,willow.chen@example.com,Sydney
113,Sloane Jennings,45,Female,sloane.jennings@example.com,Marseille
114,Alexa Barrett,55,Female,alexa.barrett@example.com,Madrid
115,Ximena Reed,35,Female,ximena.reed@example.com,Saint-Pétersbourg
116,Abel Bridges,42,Male,abel.bridges@example.com,Valence
117,Anthony West,28,Male,anthony.west@example.com,Rio de Janeiro
118,Amelia Simons,67,Female,amelia.simons@example.com,Madrid
119,Jace Vasquez,20,Male,jace.vasquez@example.com,Rio de Janeiro
120,Amira Mckinney,40,Female,amira.mckinney@example.com,Toronto
121,Lila Mendoza,31,Female,lila.mendoza@example.com,Oran
122,Faith Erickson,60,Female,faith.erickson@example.com,Los Angeles
123,Braxton Webb,38,Male,braxton.webb@example.com,Ottawa
124,Sage Cortez,29,Female,sage.cortez@example.com,Palermo
125,Payton Reed,33,Female,payton.reed@example.com,Sousse
126,Cora Daniel,64,Female,cora.daniel@example.com,Tunis
127,Julian Weaver,51,Male,julian.weaver@example.com,Shenzhen
128,Lydia Scott,22,Female,lydia.scott@example.com,Durban
129,Angelina Carroll,31,Female,angelina.carroll@example.com,Moscou
130,Alexander Herrera,37,Male,alexander.herrera@example.com,Moscou
131,William Stevens,70,Male,william.stevens@example.com,Barcelone
132,Alexandra Gardner,59,Female,alexandra.gardner@example.com,Durban
133,Violet Greene,31,Female,violet.greene@example.com,Lille
134,Ashton Hughes,21,Male,ashton.hughes@example.com,Paris
135,Harrison Orozco,70,Male,harrison.orozco@example.com,Houston
136,Emilia Bowman,33,Female,emilia.bowman@example.com,Los Angeles
137,Lucy Robles,28,Female,lucy.robles@example.com,Fortaleza
138,Blake Blevins,40,Female,blake.blevins@example.com,Francfort
139,Judah Snyder,69,Male,judah.snyder@example.com,Marseille
140,Joel Larson,46,Male,joel.larson@example.com,Lyon
141,Anthony Pierce,47,Male,anthony.pierce@example.com,Rome
142,Sawyer Hayes,61,Female,sawyer.hayes@example.com,Alger
143,Kai Powers,67,Male,kai.powers@example.com,Turin
144,Chase Huber,29,Male,chase.huber@example.com,Sydney
145,Paisley Curtis,66,Female,paisley.curtis@example.com,Sfax
146,Danielle Wheeler,56,Female,danielle.wheeler@example.com,Nice
147,Raelynn Short,47,Female,raelynn.short@example.com,Lille
148,Alexander Mcdonald,52,Male,alexander.mcdonald@example.com,Montréal
149,Jade Rice,70,Female,jade.rice@example.com,Sfax
150,Ezekiel Carter,34,Male,ezekiel.carter@example.com,Lyon
151,Caleb Watts,30,Male,caleb.watts@example.com,Buenos Aires
152,Charlie Duran,60,Female,charlie.duran@example.com,Perth
153,Anna Becker,53,Female,anna.becker@example.com,Cape Town
154,Blake Benson,69,Female,blake.benson@example.com,Naples
155,Gabriel Sanchez,55,Male,gabriel.sanchez@example.com,Oran
156,Eloise Stanley,27,Female,eloise.stanley@example.com,Toronto
157,Abigail Gordon,24,Female,abigail.gordon@example.com,Oran
158,Hudson Hicks,65,Male,hudson.hicks@example.com,Adana
159,Santiago Mccarthy,30,Male,santiago.mccarthy@example.com,Berlin
160,Sadie Cruz,70,Female,sadie.cruz@example.com,Fortaleza
161,Samuel Solis,74,Male,samuel.solis@example.com,Izmir
162,Kehlani Fleming,48,Female,kehlani.fleming@example.com,Montréal
163,Emma West,64,Female,emma.west@example.com,Sfax
164,Eloise Henry,23,Female,eloise.henry@example.com,Lyon
165,Gabriel Miller,47,Male,gabriel.miller@example.com,Barcelone
166,Juan Sullivan,63,Male,juan.sullivan@example.com,Perth
167,Lilly Alexander,26,Female,lilly.alexander@example.com,Montréal
168,Karter Gardner,68,Male,karter.gardner@example.com,Perth
169,Georgia Bailey,29,Female,georgia.bailey@example.com,Durban
170,Oliver Hall,22,Male,oliver.hall@example.com,Brisbane
171,Jack Greene,31,Male,jack.greene@example.com,Madrid
172,Legend Kelly,35,Male,legend.kelly@example.com,Bruges
173,Melody Brooks,43,Female,melody.brooks@example.com,Buenos Aires
174,Robert Moran,36,Male,robert.moran@example.com,Valence
175,Jaxon Castaneda,59,Male,jaxon.castaneda@example.com,Durban
176,Bella Hunt,67,Female,bella.hunt@example.com,Milan
177,Leia Terry,40,Female,leia.terry@example.com,Pékin
178,Messiah Gallagher,28,Male,messiah.gallagher@example.com,Durban
179,Mateo Mills,74,Male,mateo.mills@example.com,Montréal
180,Lucas Fields,53,Male,lucas.fields@example.com,Phoenix
181,Sebastian Ellison,59,Male,sebastian.ellison@example.com,Sfax
182,Hannah Horn,31,Female,hannah.horn@example.com,New York
183,Jonathan Gonzalez,51,Male,jonathan.gonzalez@example.com,Mendoza
184,Juan Castro,58,Male,juan.castro@example.com,Chicago
185,Kiara Wynn,23,Female,kiara.wynn@example.com,Ankara
186,Levi Simpson,68,Male,levi.simpson@example.com,Sousse
187,Caroline Carrillo,39,Female,caroline.carrillo@example.com,Alger
188,Aaliyah Yang,32,Female,aaliyah.yang@example.com,Guangzhou
189,Jordyn Morrison,21,Female,jordyn.morrison@example.com,Guangzhou
190,Dean Sanchez,31,Male,dean.sanchez@example.com,Rosario
191,Valeria Thompson,27,Female,valeria.thompson@example.com,Montréal
192,Thiago Frost,25,Male,thiago.frost@example.com,Durban
193,Valeria Ray,47,Female,valeria.ray@example.com,Naples
194,Enzo Erickson,60,Male,enzo.erickson@example.com,New York
195,Amira Gates,68,Female,amira.gates@example.com,Saint-Pétersbourg
196,Avery Yang,58,Female,avery.yang@example.com,Francfort
197,Everly Leonard,68,Female,everly.leonard@example.com,Brasília
198,Alice Maldonado,69,Female,alice.maldonado@example.com,Sfax
199,Jesse Campos,32,Male,jesse.campos@example.com,Durban
200,Henry Guerrero,44,Male,henry.guerrero@example.com,Valence
201,Hudson Mathis,41,Male,hudson.mathis@example.com,Gand
202,Anthony Brooks,57,Male,anthony.brooks@example.com,Rio de Janeiro
203,Colton Green,73,Male,colton.green@example.com,Toulouse
204,Ariana Burns,45,Female,ariana.burns@example.com,Brisbane
205,Alejandro Powers,37,Male,alejandro.powers@example.com,Barcelone
206,Xavier Campos,69,Male,xavier.campos@example.com,Marseille
207,Mackenzie Salazar,52,Female,mackenzie.salazar@example.com,Annaba
208,Henry Cohen,63,Male,henry.cohen@example.com,Annaba
209,Hazel Ross,28,Female,hazel.ross@example.com,Valence
210,Hannah Daniels,72,Female,hannah.daniels@example.com,Phoenix
211,Isabelle Gardner,26,Female,isabelle.gardner@example.com,Constantine
212,Kevin Alvarez,62,Male,kevin.alvarez@example.com,Nice
213,Brooklynn Stewart,50,Female,brooklynn.stewart@example.com,Sousse
214,Sarah Shannon,24,Female,sarah.shannon@example.com,Annaba
215,Ashton Romero,61,Male,ashton.romero@example.com,Ottawa
216,Brayden Hamilton,47,Male,brayden.hamilton@example.com,La Plata
217,Elsie Small,74,Female,elsie.small@example.com,Annaba
218,Jaxson Griffin,55,Male,jaxson.griffin@example.com,Brasília
219,Clara Weber,58,Female,clara.weber@example.com,Francfort
220,Nova Bradley,52,Female,nova.bradley@example.com,Pékin
221,Nicholas Cruz,65,Male,nicholas.cruz@example.com,Adana
222,Maddox Wheeler,22,Male,maddox.wheeler@example.com,Barcelone
223,Madelyn Cohen,45,Female,madelyn.cohen@example.com,Annaba
224,Gavin Munoz,42,Male,gavin.munoz@example.com,Chengdu
225,Walker Johnston,42,Male,walker.johnston@example.com,Toulouse
226,Santiago James,34,Male,santiago.james@example.com,Shenzhen
227,Brooklynn Drake,27,Female,brooklynn.drake@example.com,Francfort
228,Maria Dyer,20,Female,maria.dyer@example.com,Tunis
229,Jacob Haynes,22,Male,jacob.haynes@example.com,Barcelone
230,Eva Dudley,18,Female,eva.dudley@example.com,Berlin
231,Layla Carroll,24,Female,layla.carroll@example.com,Toronto
232,Dean Dixon,22,Male,dean.dixon@example.com,Moscou
233,Hunter Stevens,65,Male,hunter.stevens@example.com,Chengdu
234,Isla Li,69,Female,isla.li@example.com,Chengdu
235,Myles Palmer,62,Male,myles.palmer@example.com,Bruges
236,Jeremiah Barrera,75,Male,jeremiah.barrera@example.com,Saint-Pétersbourg
237,Chase Tran,27,Male,chase.tran@example.com,Los Angeles
238,Theo Bradley,51,Male,theo.bradley@example.com,Liège
239,Madison Mann,46,Female,madison.mann@example.com,Buenos Aires
240,Jose Carrillo,72,Male,jose.carrillo@example.com,Shenzhen
241,Carlos Lamb,38,Male,carlos.lamb@example.com,Anvers
242,Elliot Ramirez,36,Male,elliot.ramirez@example.com,Oran
243,Leon Dawson,68,Male,leon.dawson@example.com,Milan
244,Oliver Haynes,35,Male,oliver.haynes@example.com,Palermo
245,Hudson Thornton,21,Male,hudson.thornton@example.com,Bruges
246,Legend Cervantes,52,Male,legend.cervantes@example.com,Constantine
247,Hunter Marquez,37,Male,hunter.marquez@example.com,Shenzhen
248,Dawson Gallagher,61,Male,dawson.gallagher@example.com,Rio de Janeiro
249,Aniyah Lambert,46,Female,aniyah.lambert@example.com,Perth
250,Alaina Ramirez,64,Female,alaina.ramirez@example.com,Rio de Janeiro
251,Patrick Woods,72,Male,patrick.woods@example.com,Barcelone
252,Nevaeh Knight,19,Female,nevaeh.knight@example.com,Kazan
253,Bailey Nunez,20,Female,bailey.nunez@example.com,Brasília
254,Aiden Merritt,40,Male,aiden.merritt@example.com,Annaba
255,Mackenzie Galloway,64,Female,mackenzie.galloway@example.com,Barcelone
256,Lola Wheeler,52,Female,lola.wheeler@example.com,Pékin
257,Lilly Brewer,21,Female,lilly.brewer@example.com,Valence
258,Phoebe Schwartz,25,Female,phoebe.schwartz@example.com,Francfort
259,Colton Greer,37,Male,colton.greer@example.com,Rio de Janeiro
260,Leilani Bush,49,Female,leilani.bush@example.com,Cologne
261,Isabel Little,29,Female,isabel.little@example.com,Lille
262,Xavier Larson,72,Male,xavier.larson@example.com,Johannesburg
263,Gael Reed,47,Male,gael.reed@example.com,Annaba
264,Raelynn Robles,54,Female,raelynn.robles@example.com,Naples
265,Isabel Hurst,52,Female,isabel.hurst@example.com,Bruges
266,Parker Vazquez,41,Male,parker.vazquez@example.com,Brasília
267,Ryan Nunez,71,Male,ryan.nunez@example.com,Ottawa
268,Ayden Simons,41,Male,ayden.simons@example.com,Chicago
269,Brynlee Fernandez,30,Female,brynlee.fernandez@example.com,Sousse
270,Sloane Newman,38,Female,sloane.newman@example.com,Tunis
271,Alexa Morrison,32,Female,alexa.morrison@example.com,Brisbane
272,Elliot Larson,59,Male,elliot.larson@example.com,Mendoza
273,Monroe Lambert,64,Female,monroe.lambert@example.com,Melbourne
274,Everly Reeves,75,Female,everly.reeves@example.com,Marseille
275,Aria Guerrero,18,Female,aria.guerrero@example.com,Marseille
276,Robert Edwards,54,Male,robert.edwards@example.com,Rosario
277,Vera Miranda,30,Female,vera.miranda@example.com,Adana
278,Hailey Warren,39,Female,hailey.warren@example.com,Lille
279,Vincent Sims,34,Male,vincent.sims@example.com,Houston
280,Phoebe Smith,41,Female,phoebe.smith@example.com,Californie
281,Kehlani Short,21,Female,kehlani.short@example.com,Ankara
282,Violet Richmond,75,Female,violet.richmond@example.com,Chicago
283,Alexandria May,68,Female,alexandria.may@example.com,La Plata
284,Eli Foster,75,Male,eli.foster@example.com,Toronto
285,Bennett Rose,54,Male,bennett.rose@example.com,Mendoza
286,Jonathan King,45,Male,jonathan.king@example.com,Chicago
287,Maria Turner,34,Female,maria.turner@example.com,Saint-Pétersbourg
288,Edward Chapman,22,Male,edward.chapman@example.com,Kazan
289,John Nunez,51,Male,john.nunez@example.com,Ankara
290,Chloe Newman,19,Female,chloe.newman@example.com,Toulouse
291,Clara Rosas,50,Female,clara.rosas@example.com,Toulouse
292,Rosalie Morrison,67,Female,rosalie.morrison@example.com,Brasília
293,Sebastian Estrada,30,Male,sebastian.estrada@example.com,Adana
294,Theodore Shelton,52,Male,theodore.shelton@example.com,Adana
295,Jordyn Beck,66,Female,jordyn.beck@example.com,Montréal
296,Rachel Hansen,43,Female,rachel.hansen@example.com,Johannesburg
297,Mia Moody,31,Female,mia.moody@example.com,Francfort
298,Victor Flores,47,Male,victor.flores@example.com,Paris
299,Nicolas Shannon,59,Male,nicolas.shannon@example.com,Fortaleza
300,Kimberly Leonard,58,Female,kimberly.leonard@example.com,Lille
301,Adam Gray,23,Male,adam.gray@example.com,Sousse
302,Thomas Henderson,61,Male,thomas.henderson@example.com,Johannesburg
303,Jaxon Olson,47,Male,jaxon.olson@example.com,Lille
304,Dean Fowler,56,Male,dean.fowler@example.com,Saint-Pétersbourg
305,Serenity Vazquez,25,Female,serenity.vazquez@example.com,Tunis
306,Joseph Simmons,65,Male,joseph.simmons@example.com,Salvador
307,Sebastian Peterson,37,Male,sebastian.peterson@example.com,Lille
308,Danielle Bradley,55,Female,danielle.bradley@example.com,Houston
309,Alyssa Crosby,65,Female,alyssa.crosby@example.com,Barcelone
310,Enzo Morris,75,Male,enzo.morris@example.com,Montréal
311,Mariana Alexander,67,Female,mariana.alexander@example.com,Mendoza
312,Micah Santiago,67,Male,micah.santiago@example.com,Californie
313,Braxton Lawrence,72,Male,braxton.lawrence@example.com,Anvers
314,Ariana Li,52,Female,ariana.li@example.com,New York
315,Bryson Dudley,69,Male,bryson.dudley@example.com,Alger
316,Isabelle Moody,30,Female,isabelle.moody@example.com,Pékin
317,Beckett Stanley,67,Male,beckett.stanley@example.com,Montréal
318,Jonah Rose,37,Male,jonah.rose@example.com,Annaba
319,Madelyn Reynolds,20,Female,madelyn.reynolds@example.com,Fortaleza
320,Victoria Castaneda,51,Female,victoria.castaneda@example.com,Izmir
321,Xavier Terry,65,Male,xavier.terry@example.com,Anvers
322,Ryder Wong,23,Male,ryder.wong@example.com,Naples
323,Charles Barrett,48,Male,charles.barrett@example.com,Toronto
324,Dahlia Juarez,75,Female,dahlia.juarez@example.com,Hambourg
325,Beckett Johnston,35,Male,beckett.johnston@example.com,Ankara
326,Genesis Dunn,24,Female,genesis.dunn@example.com,Francfort
327,Serenity Diaz,45,Female,serenity.diaz@example.com,Brisbane
328,Alan Bush,54,Male,alan.bush@example.com,Lyon
329,Faith Roberts,55,Female,faith.roberts@example.com,Kazan
330,Nova Schneider,43,Female,nova.schneider@example.com,Brasília
331,Hunter Robles,71,Male,hunter.robles@example.com,La Plata
332,Robert Smith,31,Male,robert.smith@example.com,Ottawa
333,Nevaeh Guerrero,26,Female,nevaeh.guerrero@example.com,Barcelone
334,Noah Cunningham,19,Male,noah.cunningham@example.com,Anvers
335,Jaxson Simpson,38,Male,jaxson.simpson@example.com,Adana
336,Everly Jordan,55,Female,everly.jordan@example.com,Valence
337,Lilly Walker,57,Female,lilly.walker@example.com,Milan
338,Madison Wolfe,18,Female,madison.wolfe@example.com,Constantine
339,Leia Salazar,55,Female,leia.salazar@example.com,Shanghai
340,Hudson Smith,28,Male,hudson.smith@example.com,Rome
341,Dean Tate,51,Male,dean.tate@example.com,Sydney
342,Jace Rodgers,44,Male,jace.rodgers@example.com,Alger
343,Eli Carrillo,59,Male,eli.carrillo@example.com,Tunis
344,Kiara Stone,71,Female,kiara.stone@example.com,La Plata
345,Winter Shelton,69,Female,winter.shelton@example.com,Buenos Aires
346,Evelyn Larson,64,Female,evelyn.larson@example.com,Paris
347,Zachary Gregory,29,Male,zachary.gregory@example.com,Salvador
348,Austin Potter,24,Male,austin.potter@example.com,Marseille
349,Elena Lane,74,Female,elena.lane@example.com,Guangzhou
350,Ace Miranda,41,Male,ace.miranda@example.com,Barcelone
351,Rachel Chambers,42,Female,rachel.chambers@example.com,Izmir
352,Rosalie Weaver,22,Female,rosalie.weaver@example.com,Oran
353,Alice West,45,Female,alice.west@example.com,Durban
354,Alivia Watson,75,Female,alivia.watson@example.com,Moscou
355,Mikayla Caldwell,55,Female,mikayla.caldwell@example.com,Constantine
356,Gianna Morton,72,Female,gianna.morton@example.com,Madrid
357,August Carr,48,Male,august.carr@example.com,Shenzhen
358,Milo Lambert,42,Male,milo.lambert@example.com,Rome
359,Harper Campos,30,Female,harper.campos@example.com,Mendoza
360,Finn Thornton,60,Male,finn.thornton@example.com,Madrid
361,Luna Spears,74,Female,luna.spears@example.com,Salvador
362,Asher Castillo,20,Male,asher.castillo@example.com,Chicago
363,Scarlett Gregory,28,Female,scarlett.gregory@example.com,Valence
364,Amaya Bowman,63,Female,amaya.bowman@example.com,Montréal
365,Jayden Carrillo,64,Male,jayden.carrillo@example.com,Anvers
366,Levi Logan,60,Male,levi.logan@example.com,Berlin
367,Vincent Meadows,35,Male,vincent.meadows@example.com,Izmir
368,Gael Carlson,46,Male,gael.carlson@example.com,Toulouse
369,Lily Morgan,22,Female,lily.morgan@example.com,Pékin
370,Ryker Williams,35,Male,ryker.williams@example.com,Sfax
371,Antonio Robles,25,Male,antonio.robles@example.com,Berlin
372,Gabriella Odom,48,Female,gabriella.odom@example.com,Phoenix
373,Parker James,19,Male,parker.james@example.com,Barcelone
374,Adam Mills,66,Male,adam.mills@example.com,Montréal
375,Nova Watkins,34,Female,nova.watkins@example.com,Tunis
376,Theo Sullivan,29,Male,theo.sullivan@example.com,Perth
377,Asher Neal,41,Male,asher.neal@example.com,Californie
378,Tessa Nichols,21,Female,tessa.nichols@example.com,La Plata
379,John Clark,50,Male,john.clark@example.com,Barcelone
380,Sloane Chavez,52,Female,sloane.chavez@example.com,Californie
381,Harrison Montgomery,23,Male,harrison.montgomery@example.com,Cologne
382,Mariana Lynch,48,Female,mariana.lynch@example.com,Tunis
383,Melody Gibson,61,Female,melody.gibson@example.com,Durban
384,William Wood,32,Male,william.wood@example.com,Oran
385,Ava Webb,39,Female,ava.webb@example.com,Rosario
386,Kayden Crosby,34,Male,kayden.crosby@example.com,Sousse
387,Willow Jimenez,37,Female,willow.jimenez@example.com,New York
388,Jude Hunt,32,Male,jude.hunt@example.com,Kazan
389,Winter Carlson,74,Female,winter.carlson@example.com,Moscou
390,Leon Lawson,26,Male,leon.lawson@example.com,Cape Town
391,Elena Cole,29,Female,elena.cole@example.com,New York
392,Lila Joseph,23,Female,lila.joseph@example.com,Lille
393,Austin Sullivan,71,Male,austin.sullivan@example.com,Madrid
394,Grayson Zimmerman,26,Male,grayson.zimmerman@example.com,Brisbane
395,Raelynn Walker,36,Female,raelynn.walker@example.com,Bruges
396,Emilia Newton,42,Female,emilia.newton@example.com,Guangzhou
397,Harlow Weber,75,Female,harlow.weber@example.com,La Plata
398,Emily Roberts,48,Female,emily.roberts@example.com,Montréal
399,Ruby Solomon,37,Female,ruby.solomon@example.com,Constantine
400,Hunter Campos,24,Male,hunter.campos@example.com,Adana
401,Luca Gordon,35,Male,luca.gordon@example.com,Barcelone
402,Amara Cohen,44,Female,amara.cohen@example.com,Sydney
403,Maeve Carrillo,45,Female,maeve.carrillo@example.com,Istanbul
404,Alexandria Leonard,31,Female,alexandria.leonard@example.com,Johannesburg
405,Sarah Fisher,24,Female,sarah.fisher@example.com,Chicago
406,Messiah Hart,63,Male,messiah.hart@example.com,Annaba
407,Chase Wallace,30,Male,chase.wallace@example.com,Madrid
408,Bryson Sutton,60,Male,bryson.sutton@example.com,Chengdu
409,Madelyn Ayala,18,Female,madelyn.ayala@example.com,Sydney
410,Zoey Harding,59,Female,zoey.harding@example.com,Toronto
411,Mackenzie Shaffer,23,Female,mackenzie.shaffer@example.com,Madrid
412,Aiden Wang,50,Male,aiden.wang@example.com,Mendoza
413,Maeve Stanley,35,Female,maeve.stanley@example.com,Shanghai
414,Selena Palmer,28,Female,selena.palmer@example.com,Ottawa
415,Nathaniel Gates,26,Male,nathaniel.gates@example.com,Nice
416,Daniel Cruz,27,Male,daniel.cruz@example.com,Shanghai
417,Ivan Moody,60,Male,ivan.moody@example.com,Tunis
418,Ayla Becker,24,Female,ayla.becker@example.com,Bruges
419,Kaiden Li,67,Male,kaiden.li@example.com,Rio de Janeiro
420,Easton Orozco,48,Male,easton.orozco@example.com,Rosario
421,Lucia Norris,48,Female,lucia.norris@example.com,Izmir
422,Hudson Fernandez,34,Male,hudson.fernandez@example.com,Sfax
423,Rachel Greer,34,Female,rachel.greer@example.com,Guangzhou
424,Jordan Guerrero,64,Male,jordan.guerrero@example.com,Oran
425,Jaxon Shannon,34,Male,jaxon.shannon@example.com,Salvador
426,Diego Erickson,53,Male,diego.erickson@example.com,Los Angeles
427,Catherine Potter,27,Female,catherine.potter@example.com,Lyon
428,Declan Erickson,35,Male,declan.erickson@example.com,Alger
429,Aria Jones,34,Female,aria.jones@example.com,Buenos Aires
430,Emmett Walters,19,Male,emmett.walters@example.com,Durban
431,King Simons,29,Male,king.simons@example.com,Rosario
432,Cooper Henry,60,Male,cooper.henry@example.com,Toronto
433,Santiago Holmes,71,Male,santiago.holmes@example.com,Los Angeles
434,Alexis Aguilar,50,Female,alexis.aguilar@example.com,Lille
435,James Chapman,37,Male,james.chapman@example.com,Valence
436,Aniyah Jefferson,71,Female,aniyah.jefferson@example.com,Berlin
437,Aniyah Edwards,47,Female,aniyah.edwards@example.com,Cape Town
438,Aaliyah Edwards,41,Female,aaliyah.edwards@example.com,Saint-Pétersbourg
439,Josephine Frederick,62,Female,josephine.frederick@example.com,Rio de Janeiro
440,George Hoffman,26,Male,george.hoffman@example.com,Rio de Janeiro
441,Leo Newton,32,Male,leo.newton@example.com,Anvers
442,Harlow Hansen,61,Female,harlow.hansen@example.com,Durban
443,Caroline Guzman,29,Female,caroline.guzman@example.com,Nice
444,Hope Larson,75,Female,hope.larson@example.com,Constantine
445,Easton Hunter,65,Male,easton.hunter@example.com,Constantine
446,Bailey Castro,48,Female,bailey.castro@example.com,Sydney
447,Ayla Hill,48,Female,ayla.hill@example.com,Durban
448,Diego Little,32,Male,diego.little@example.com,Perth
449,Anthony Porter,27,Male,anthony.porter@example.com,Californie
450,Ethan Montgomery,35,Male,ethan.montgomery@example.com,Rio de Janeiro
451,Jasmine Holland,26,Female,jasmine.holland@example.com,Oran
452,Maverick Wong,55,Male,maverick.wong@example.com,Sousse
453,Sarah Long,72,Female,sarah.long@example.com,Rio de Janeiro
454,Alina Steele,73,Female,alina.steele@example.com,Rosario
455,Brooks Bennett,33,Male,brooks.bennett@example.com,Phoenix
456,Luis Tate,47,Male,luis.tate@example.com,Toronto
457,Max Romero,38,Male,max.romero@example.com,Perth
458,Jade Le,43,Female,jade.le@example.com,Valence
459,Joel Contreras,49,Male,joel.contreras@example.com,Montréal
460,Atlas Palmer,35,Male,atlas.palmer@example.com,Palermo
461,Clara Cooper,74,Female,clara.cooper@example.com,Sydney
462,Cameron Hodge,27,Male,cameron.hodge@example.com,Chicago
463,Nina Dudley,49,Female,nina.dudley@example.com,Moscou
464,David Campos,58,Male,david.campos@example.com,Valence
465,Kingston Griffith,19,Male,kingston.griffith@example.com,Naples
466,Weston Stevens,21,Male,weston.stevens@example.com,Shanghai
467,Bennett Day,41,Male,bennett.day@example.com,Francfort
468,Kaiden Hudson,19,Male,kaiden.hudson@example.com,Tunis
469,George Fleming,18,Male,george.fleming@example.com,Rome
470,Claire Frazier,61,Female,claire.frazier@example.com,Kazan
471,Bella Simpson,46,Female,bella.simpson@example.com,Kazan
472,Eliana Huber,74,Female,eliana.huber@example.com,Montréal
473,Zoe Weber,25,Female,zoe.weber@example.com,Anvers
474,Ezra Mckinney,38,Male,ezra.mckinney@example.com,Adana
475,Jasmine Padilla,21,Female,jasmine.padilla@example.com,Rome
476,Michael Moreno,68,Male,michael.moreno@example.com,Nice
477,Peyton Houston,72,Female,peyton.houston@example.com,Kazan
478,Leilani Guerrero,72,Female,leilani.guerrero@example.com,Toronto
479,Gianna Byrd,69,Female,gianna.byrd@example.com,Californie
480,Liam Davidson,71,Male,liam.davidson@example.com,Ottawa
481,Katherine Padilla,36,Female,katherine.padilla@example.com,Alger
482,Axel Bowman,57,Male,axel.bowman@example.com,Nice
483,Mackenzie Montes,61,Female,mackenzie.montes@example.com,Johannesburg
484,Athena Mason,39,Female,athena.mason@example.com,Nice
485,Daisy Huber,25,Female,daisy.huber@example.com,Liège
486,Joel Long,42,Male,joel.long@example.com,Toronto
487,Annabelle Curtis,32,Female,annabelle.curtis@example.com,Brasília
488,Madison Vazquez,59,Female,madison.vazquez@example.com,Valence
489,Hudson Cruz,32,Male,hudson.cruz@example.com,Sfax
490,Brynlee Knight,59,Female,brynlee.knight@example.com,Lyon
491,Owen Juarez,31,Male,owen.juarez@example.com,Tunis
492,Isabella Dunn,33,Female,isabella.dunn@example.com,Durban
493,Giovanni Edwards,22,Male,giovanni.edwards@example.com,Moscou
494,Jameson Dixon,41,Male,jameson.dixon@example.com,Saint-Pétersbourg
495,Rhett Spears,55,Male,rhett.spears@example.com,Oran
496,Lila Wade,41,Female,lila.wade@example.com,Berlin
497,Nora Moreno,26,Female,nora.moreno@example.com,Paris
498,Nova Reeves,26,Female,nova.reeves@example.com,Annaba
499,Madeline Zimmerman,40,Female,madeline.zimmerman@example.com,Shanghai
500,Evangeline Howe,57,Female,evangeline.howe@example.com,Oran
501,Miles Bush,68,Male,miles.bush@example.com,Los Angeles
502,Isaiah Collins,74,Male,isaiah.collins@example.com,Los Angeles
503,Greyson Gonzales,71,Male,greyson.gonzales@example.com,Toulouse
504,Gabriella Gonzales,48,Female,gabriella.gonzales@example.com,Sfax
505,Olivia Rice,51,Female,olivia.rice@example.com,Izmir
506,Nova Kim,30,Female,nova.kim@example.com,Chicago
507,Jude Ford,52,Male,jude.ford@example.com,Izmir
508,Emery Estrada,48,Female,emery.estrada@example.com,Guangzhou
509,Alivia Mann,35,Female,alivia.mann@example.com,Naples
510,Aubrey Love,35,Female,aubrey.love@example.com,Valence
511,Kehlani Mendez,49,Female,kehlani.mendez@example.com,Gand
512,Charles Howell,47,Male,charles.howell@example.com,Chengdu
513,Ethan Lara,71,Male,ethan.lara@example.com,Sfax
514,Carlos Hurst,36,Male,carlos.hurst@example.com,Istanbul
515,Tessa Phillips,65,Female,tessa.phillips@example.com,Toulouse
516,Ariana Sanders,70,Female,ariana.sanders@example.com,Istanbul
517,Kimberly Henry,48,Female,kimberly.henry@example.com,Durban
518,Sophia Tucker,45,Female,sophia.tucker@example.com,Johannesburg
519,Tristan Schneider,48,Male,tristan.schneider@example.com,Tunis
520,Abraham Walker,64,Male,abraham.walker@example.com,Anvers
521,Barrett Nichols,19,Male,barrett.nichols@example.com,Californie
522,Alan Walters,39,Male,alan.walters@example.com,Paris
523,Weston Rogers,56,Male,weston.rogers@example.com,Madrid
524,Eli Miller,19,Male,eli.miller@example.com,Sfax
525,Hope Mcdonald,35,Female,hope.mcdonald@example.com,Salvador
526,Vivian Mcdaniel,48,Female,vivian.mcdaniel@example.com,Sousse
527,King King,39,Male,king.king@example.com,Izmir
528,Sienna Luna,46,Female,sienna.luna@example.com,Buenos Aires
529,Sienna Silva,65,Female,sienna.silva@example.com,Toronto
530,Gabriel Pierce,52,Male,gabriel.pierce@example.com,Francfort
531,Nicholas Miranda,35,Male,nicholas.miranda@example.com,Chicago
532,Bailey Vega,22,Female,bailey.vega@example.com,Adana
533,Riley Warner,37,Female,riley.warner@example.com,Toronto
534,Kayden Price,62,Male,kayden.price@example.com,Melbourne
535,Kiara Patel,62,Female,kiara.patel@example.com,Sousse
536,Emiliano Lewis,28,Male,emiliano.lewis@example.com,Naples
537,Lily Greer,69,Female,lily.greer@example.com,Durban
538,Mya Leon,32,Female,mya.leon@example.com,Fortaleza
539,Mariana Schmidt,41,Female,mariana.schmidt@example.com,Kazan
540,Nathaniel Frazier,31,Male,nathaniel.frazier@example.com,Alger
541,Lily Vargas,68,Female,lily.vargas@example.com,Montréal
542,Kai Peterson,67,Male,kai.peterson@example.com,Turin
543,Quinn Adams,22,Female,quinn.adams@example.com,Montréal
544,Liam Campbell,23,Male,liam.campbell@example.com,Moscou
545,Alivia Terry,40,Female,alivia.terry@example.com,Ankara
546,Jayden Mosley,52,Male,jayden.mosley@example.com,Istanbul
547,Xavier Castro,56,Male,xavier.castro@example.com,Toronto
548,Messiah Medina,38,Male,messiah.medina@example.com,Berlin
549,Charlie Reeves,19,Female,charlie.reeves@example.com,Barcelone
550,Jayce Walsh,31,Male,jayce.walsh@example.com,Moscou
551,Weston Medina,44,Male,weston.medina@example.com,Barcelone
552,Melody Miller,70,Female,melody.miller@example.com,Buenos Aires
553,Everett Pearson,49,Male,everett.pearson@example.com,Guangzhou
554,Alex Lane,65,Male,alex.lane@example.com,Valence
555,Emily Adams,70,Female,emily.adams@example.com,Moscou
556,Asher Hodge,27,Male,asher.hodge@example.com,Johannesburg
557,Hope Cruz,34,Female,hope.cruz@example.com,Annaba
558,Roman Richmond,60,Male,roman.richmond@example.com,Marseille
559,Sebastian Wright,36,Male,sebastian.wright@example.com,Rio de Janeiro
560,Samantha Odom,70,Female,samantha.odom@example.com,Toronto
561,Abraham Avila,56,Male,abraham.avila@example.com,Bruges
562,Gael Odom,48,Male,gael.odom@example.com,New York
563,Oliver Joseph,49,Male,oliver.joseph@example.com,Cape Town
564,Elsie Jefferson,18,Female,elsie.jefferson@example.com,Saint-Pétersbourg
565,Owen Reed,67,Male,owen.reed@example.com,Toronto
566,Micah Wright,23,Male,micah.wright@example.com,Brisbane
567,Madelyn Carr,53,Female,madelyn.carr@example.com,Ottawa
568,Amir Beck,61,Male,amir.beck@example.com,Madrid
569,Myles Park,54,Male,myles.park@example.com,Saint-Pétersbourg
570,Rhett Crosby,49,Male,rhett.crosby@example.com,Sfax
571,Julia Johnston,47,Female,julia.johnston@example.com,Melbourne
572,Dominic Gamble,31,Male,dominic.gamble@example.com,Oran
573,David Juarez,45,Male,david.juarez@example.com,Moscou
574,Georgia Green,64,Female,georgia.green@example.com,Rio de Janeiro
575,Madeline Fowler,74,Female,madeline.fowler@example.com,Rome
576,Colton Schmidt,33,Male,colton.schmidt@example.com,Ottawa
577,King Parks,27,Male,king.parks@example.com,Durban
578,Emery Rivera,67,Female,emery.rivera@example.com,Valence
579,Ace Gilbert,50,Male,ace.gilbert@example.com,Sydney
580,Jordyn Merritt,23,Female,jordyn.merritt@example.com,Madrid
581,Richard Jennings,71,Male,richard.jennings@example.com,Melbourne
582,Layla Gonzalez,54,Female,layla.gonzalez@example.com,Brasília
583,Lilly Greene,67,Female,lilly.greene@example.com,Perth
584,Jaxson Richardson,48,Male,jaxson.richardson@example.com,Californie
585,Bryson Richmond,66,Male,bryson.richmond@example.com,Pékin
586,Malachi Kelley,21,Male,malachi.kelley@example.com,Ottawa
587,Leo Gutierrez,70,Male,leo.gutierrez@example.com,Sfax
588,Anthony Keller,71,Male,anthony.keller@example.com,Chicago
589,Chase Neal,27,Male,chase.neal@example.com,Oran
590,Melanie Shaw,20,Female,melanie.shaw@example.com,Tunis
591,Gabriella Newton,21,Female,gabriella.newton@example.com,Durban
592,Rosalie Willis,33,Female,rosalie.willis@example.com,Sousse
593,Isabel Ramos,30,Female,isabel.ramos@example.com,Perth
594,Aria Nguyen,38,Female,aria.nguyen@example.com,Saint-Pétersbourg
595,Brielle Santiago,59,Female,brielle.santiago@example.com,Tunis
596,Jesus Joseph,31,Male,jesus.joseph@example.com,Californie
597,Victoria Hale,57,Female,victoria.hale@example.com,Rio de Janeiro
598,Nora Yang,55,Female,nora.yang@example.com,Barcelone
599,Hailey Miranda,57,Female,hailey.miranda@example.com,Alger
600,Sophia Knight,62,Female,sophia.knight@example.com,Melbourne
601,Alexander Sims,74,Male,alexander.sims@example.com,Nice
602,Cole Maldonado,72,Male,cole.maldonado@example.com,Naples
603,Kinsley Soto,63,Female,kinsley.soto@example.com,Shanghai
604,Jude Garcia,35,Male,jude.garcia@example.com,Paris
605,Brody Gordon,42,Male,brody.gordon@example.com,Toronto
606,Kevin Stanley,52,Male,kevin.stanley@example.com,Liège
607,Axel Gibson,54,Male,axel.gibson@example.com,Sousse
608,Carson Fuller,40,Male,carson.fuller@example.com,Berlin
609,Matthew Bridges,29,Male,matthew.bridges@example.com,Tunis
610,Sienna Odom,38,Female,sienna.odom@example.com,Buenos Aires
611,Nora Ellison,31,Female,nora.ellison@example.com,Barcelone
612,Jayce Henderson,46,Male,jayce.henderson@example.com,Rosario
613,Xavier Reeves,29,Male,xavier.reeves@example.com,Anvers
614,Colton Harding,70,Male,colton.harding@example.com,Ottawa
615,Abigail Pena,34,Female,abigail.pena@example.com,Shanghai
616,Adriel Gilbert,21,Male,adriel.gilbert@example.com,Houston
617,Robert Watts,43,Male,robert.watts@example.com,Phoenix
618,Mila Rojas,55,Female,mila.rojas@example.com,Adana
619,Tessa Bryant,19,Female,tessa.bryant@example.com,Phoenix
620,Valentina Guzman,47,Female,valentina.guzman@example.com,Barcelone
621,Madeline Weber,48,Female,madeline.weber@example.com,Mendoza
622,Melanie Hawkins,44,Female,melanie.hawkins@example.com,Milan
623,Jasper Alvarez,29,Male,jasper.alvarez@example.com,Durban
624,Jaxson Newton,60,Male,jaxson.newton@example.com,Sfax
625,Naomi Leon,50,Female,naomi.leon@example.com,Shanghai
626,August Andrews,28,Male,august.andrews@example.com,Houston
627,Juliette Garcia,43,Female,juliette.garcia@example.com,Ottawa
628,Gabriel Pena,33,Male,gabriel.pena@example.com,Nice
629,Anastasia Morales,58,Female,anastasia.morales@example.com,Toronto
630,Natalia Valdez,27,Female,natalia.valdez@example.com,Istanbul
631,Judah Berry,54,Male,judah.berry@example.com,Bruxelles
632,Eli Neal,25,Male,eli.neal@example.com,Chengdu
633,Messiah Hoffman,51,Male,messiah.hoffman@example.com,Melbourne
634,Jeremiah Johnson,58,Male,jeremiah.johnson@example.com,Melbourne
635,Melody Gregory,18,Female,melody.gregory@example.com,Nice
636,Sebastian Berry,48,Male,sebastian.berry@example.com,Johannesburg
637,Caleb Patel,46,Male,caleb.patel@example.com,Adana
638,Kinsley Lucas,41,Female,kinsley.lucas@example.com,Palermo
639,Monroe Hansen,72,Female,monroe.hansen@example.com,Anvers
640,Zoe Butler,67,Female,zoe.butler@example.com,Alger
641,Emmett Torres,43,Male,emmett.torres@example.com,New York
642,Roman Harvey,51,Male,roman.harvey@example.com,Oran
643,Joshua Sims,23,Male,joshua.sims@example.com,Izmir
644,Connor Bush,70,Male,connor.bush@example.com,Mendoza
645,Molly Barnett,19,Female,molly.barnett@example.com,Tunis
646,Anna Gonzales,33,Female,anna.gonzales@example.com,Buenos Aires
647,Benjamin Butler,27,Male,benjamin.butler@example.com,Berlin
648,Melanie Washington,66,Female,melanie.washington@example.com,Fortaleza
649,Emiliano Vargas,32,Male,emiliano.vargas@example.com,Sousse
650,Theodore Ortiz,26,Male,theodore.ortiz@example.com,Palermo
651,Piper Chen,65,Female,piper.chen@example.com,Alger
652,Isla Leon,46,Female,isla.leon@example.com,Perth
653,Delaney Reid,71,Female,delaney.reid@example.com,Chengdu
654,Eva Lawrence,62,Female,eva.lawrence@example.com,Toulouse
655,Madeline Lawrence,20,Female,madeline.lawrence@example.com,Brisbane
656,Elias Hill,55,Male,elias.hill@example.com,Valence
657,Joel Herrera,48,Male,joel.herrera@example.com,Constantine
658,Sadie Richmond,59,Female,sadie.richmond@example.com,Mendoza
659,Joseph Becker,75,Male,joseph.becker@example.com,Valence
660,Sadie Hughes,69,Female,sadie.hughes@example.com,Sousse
661,Selena Ward,22,Female,selena.ward@example.com,Adana
662,Samuel Cohen,37,Male,samuel.cohen@example.com,Brasília
663,Everett Hamilton,75,Male,everett.hamilton@example.com,Turin
664,Julian Parks,60,Male,julian.parks@example.com,Durban
665,Brooks Ramirez,19,Male,brooks.ramirez@example.com,Liège
666,Axel Reed,55,Male,axel.reed@example.com,Rome
667,Maverick Fox,33,Male,maverick.fox@example.com,Moscou
668,Xavier Moran,67,Male,xavier.moran@example.com,Nice
669,Elena Cox,51,Female,elena.cox@example.com,Sfax
670,George Matthews,30,Male,george.matthews@example.com,Moscou
671,Theo Rice,54,Male,theo.rice@example.com,Montréal
672,Isabel Rhodes,73,Female,isabel.rhodes@example.com,Sfax
673,Adaline Klein,60,Female,adaline.klein@example.com,Palermo
674,Caroline Bush,37,Female,caroline.bush@example.com,Izmir
675,Quinn Wade,47,Female,quinn.wade@example.com,Houston
676,Ian Gilbert,53,Male,ian.gilbert@example.com,Sfax
677,Judah Horn,19,Male,judah.horn@example.com,Moscou
678,Carson Santiago,65,Male,carson.santiago@example.com,Johannesburg
679,Sawyer Freeman,60,Female,sawyer.freeman@example.com,Brasília
680,Julia Green,50,Female,julia.green@example.com,Bruxelles
681,Sawyer Moran,62,Female,sawyer.moran@example.com,Mendoza
682,Stella Drake,58,Female,stella.drake@example.com,Durban
683,Dawson Ortega,61,Male,dawson.ortega@example.com,New York
684,Athena Guzman,73,Female,athena.guzman@example.com,Valence
685,Walker Lawson,46,Male,walker.lawson@example.com,Guangzhou
686,Nova Matthews,67,Female,nova.matthews@example.com,Brisbane
687,Juliette Hanson,45,Female,juliette.hanson@example.com,Salvador
688,Hailey Barrett,33,Female,hailey.barrett@example.com,Melbourne
689,Carson Becker,59,Male,carson.becker@example.com,Lille
690,Isabel Riley,68,Female,isabel.riley@example.com,Palermo
691,Chloe Jackson,21,Female,chloe.jackson@example.com,Anvers
692,Elijah Martin,55,Male,elijah.martin@example.com,Valence
693,Stella Griffin,48,Female,stella.griffin@example.com,Shanghai
694,William Gallagher,56,Male,william.gallagher@example.com,Constantine
695,Juliette Juarez,34,Female,juliette.juarez@example.com,Montréal
696,Sebastian Hughes,65,Male,sebastian.hughes@example.com,Sousse
697,Vincent Murphy,18,Male,vincent.murphy@example.com,Izmir
698,Roman Griffith,25,Male,roman.griffith@example.com,Rosario
699,Valentina Day,42,Female,valentina.day@example.com,Fortaleza
700,Gabriella Grant,67,Female,gabriella.grant@example.com,Johannesburg
701,Ezra Gomez,46,Male,ezra.gomez@example.com,Tunis
702,Scarlett Barrett,70,Female,scarlett.barrett@example.com,Bruges
703,Connor Ross,58,Male,connor.ross@example.com,Buenos Aires
704,Elliott Miles,22,Male,elliott.miles@example.com,Chicago
705,Luna Alvarado,38,Female,luna.alvarado@example.com,Milan
706,Harper Leonard,51,Female,harper.leonard@example.com,Marseille
707,Antonio Miles,44,Male,antonio.miles@example.com,Palermo
708,Elias Duncan,50,Male,elias.duncan@example.com,Moscou
709,Genevieve Fowler,30,Female,genevieve.fowler@example.com,Buenos Aires
710,Miguel Chapman,69,Male,miguel.chapman@example.com,Tunis
711,Nolan Henderson,63,Male,nolan.henderson@example.com,Rio de Janeiro
712,Tucker Hoffman,19,Male,tucker.hoffman@example.com,Saint-Pétersbourg
713,Elena Jordan,65,Female,elena.jordan@example.com,Rosario
714,Monroe Gibson,36,Female,monroe.gibson@example.com,La Plata
715,Connor Adams,62,Male,connor.adams@example.com,Valence
716,Danielle Fisher,19,Female,danielle.fisher@example.com,Lyon
717,Naomi Stephens,73,Female,naomi.stephens@example.com,La Plata
718,Michael Mcdonald,49,Male,michael.mcdonald@example.com,Chengdu
719,Makenna Horn,18,Female,makenna.horn@example.com,Mendoza
720,Amira Romero,22,Female,amira.romero@example.com,Munich
721,Braxton Lamb,20,Male,braxton.lamb@example.com,Melbourne
722,Ximena Fisher,60,Female,ximena.fisher@example.com,Francfort
723,Micah Murray,25,Male,micah.murray@example.com,Alger
724,Carson Price,59,Male,carson.price@example.com,Ankara
725,Mikayla Peters,62,Female,mikayla.peters@example.com,Kazan
726,Vivienne Schultz,67,Female,vivienne.schultz@example.com,Madrid
727,Bella Bates,50,Female,bella.bates@example.com,Mendoza
728,Lincoln Cervantes,66,Male,lincoln.cervantes@example.com,Naples
729,Brandon Frazier,61,Male,brandon.frazier@example.com,Rosario
730,Atlas Rose,53,Male,atlas.rose@example.com,Brasília
731,Eden George,29,Female,eden.george@example.com,Lille
732,Jaxson Fields,69,Male,jaxson.fields@example.com,Houston
733,Camden Moran,43,Male,camden.moran@example.com,Rome
734,Alexandra Clark,34,Female,alexandra.clark@example.com,Moscou
735,Rhett Santos,57,Male,rhett.santos@example.com,Constantine
736,Allison Harper,54,Female,allison.harper@example.com,Bruxelles
737,Laila Fletcher,25,Female,laila.fletcher@example.com,Adana
738,Sawyer Wong,29,Female,sawyer.wong@example.com,Constantine
739,Margaret Murray,39,Female,margaret.murray@example.com,Liège
740,Mackenzie Rojas,63,Female,mackenzie.rojas@example.com,Nice
741,Ava Fleming,51,Female,ava.fleming@example.com,Houston
742,Everett Thompson,68,Male,everett.thompson@example.com,Rio de Janeiro
743,Micah Mccoy,38,Male,micah.mccoy@example.com,Annaba
744,Josiah Gallagher,25,Male,josiah.gallagher@example.com,Salvador
745,Luna Foster,24,Female,luna.foster@example.com,Barcelone
746,Beau Munoz,34,Male,beau.munoz@example.com,Rosario
747,Robert Hicks,18,Male,robert.hicks@example.com,Mendoza
748,Serenity Moore,39,Female,serenity.moore@example.com,Anvers
749,Ava Flores,61,Female,ava.flores@example.com,Phoenix
750,Santiago Moran,19,Male,santiago.moran@example.com,Sousse
751,Mariana Fuller,33,Female,mariana.fuller@example.com,Durban
752,Anna Johnston,61,Female,anna.johnston@example.com,Chicago
753,Georgia Daniels,49,Female,georgia.daniels@example.com,Guangzhou
754,Maverick Edwards,28,Male,maverick.edwards@example.com,Californie
755,Braxton Carr,18,Male,braxton.carr@example.com,Constantine
756,Sebastian Scott,28,Male,sebastian.scott@example.com,Guangzhou
757,Isaac Gray,70,Male,isaac.gray@example.com,Mendoza
758,Alexander Love,74,Male,alexander.love@example.com,Sfax
759,Theo Graves,66,Male,theo.graves@example.com,Cape Town
760,Monroe Howard,45,Female,monroe.howard@example.com,Anvers
761,Winter Li,22,Female,winter.li@example.com,Shenzhen
762,Alaia Lynch,57,Female,alaia.lynch@example.com,Fortaleza
763,Giovanni Ellison,59,Male,giovanni.ellison@example.com,Alger
764,Greyson Bishop,64,Male,greyson.bishop@example.com,Istanbul
765,Josiah Henderson,55,Male,josiah.henderson@example.com,Lille
766,Jesse Moses,26,Male,jesse.moses@example.com,Johannesburg
767,Ruby Valdez,23,Female,ruby.valdez@example.com,Buenos Aires
768,Hazel Sullivan,29,Female,hazel.sullivan@example.com,Montréal
769,Finn Hudson,68,Male,finn.hudson@example.com,Salvador
770,Tristan Bridges,22,Male,tristan.bridges@example.com,Marseille
771,Naomi Hansen,34,Female,naomi.hansen@example.com,Sydney
772,Naomi Chang,60,Female,naomi.chang@example.com,Johannesburg
773,Ximena Wade,21,Female,ximena.wade@example.com,La Plata
774,Kevin Day,57,Male,kevin.day@example.com,Shanghai
775,Elijah Freeman,63,Male,elijah.freeman@example.com,Hambourg
776,Layla Mccoy,71,Female,layla.mccoy@example.com,Berlin
777,Dawson Freeman,72,Male,dawson.freeman@example.com,Barcelone
778,Melanie Warner,72,Female,melanie.warner@example.com,Johannesburg
779,Savannah Rios,58,Female,savannah.rios@example.com,Lyon
780,Calvin Fox,26,Male,calvin.fox@example.com,Phoenix
781,Victoria Young,20,Female,victoria.young@example.com,Toronto
782,Brynlee Shelton,51,Female,brynlee.shelton@example.com,Anvers
783,Valentina Greene,71,Female,valentina.greene@example.com,Toronto
784,Catherine Nelson,68,Female,catherine.nelson@example.com,Ankara
785,Amaya Moses,23,Female,amaya.moses@example.com,Bruxelles
786,Elliot Palmer,66,Male,elliot.palmer@example.com,Cologne
787,Emmanuel Wheeler,45,Male,emmanuel.wheeler@example.com,Adana
788,Brooks Baker,24,Male,brooks.baker@example.com,Johannesburg
789,Nathan Turner,75,Male,nathan.turner@example.com,Milan
790,Leon Murray,66,Male,leon.murray@example.com,Palermo
791,Jackson Graves,38,Male,jackson.graves@example.com,Brasília
792,Gabrielle Frost,23,Female,gabrielle.frost@example.com,Brasília
793,Brynlee Byrd,33,Female,brynlee.byrd@example.com,Munich
794,Isla Crosby,35,Female,isla.crosby@example.com,Madrid
795,Parker Yang,41,Male,parker.yang@example.com,La Plata
796,Liam Gomez,54,Male,liam.gomez@example.com,Los Angeles
797,Naomi Becker,51,Female,naomi.becker@example.com,Kazan
798,Ezekiel Chavez,64,Male,ezekiel.chavez@example.com,Valence
799,Zayden Alexander,49,Male,zayden.alexander@example.com,Buenos Aires
800,Emma Schwartz,24,Female,emma.schwartz@example.com,Toronto
801,Mya Gray,49,Female,mya.gray@example.com,Fortaleza
802,Tyler Holt,18,Male,tyler.holt@example.com,Shanghai
803,Christopher Bailey,49,Male,christopher.bailey@example.com,Cologne
804,Amara Olson,69,Female,amara.olson@example.com,Sydney
805,Chase Williamson,18,Male,chase.williamson@example.com,Brasília
806,Luis Jennings,66,Male,luis.jennings@example.com,Lille
807,Nicolas Warner,49,Male,nicolas.warner@example.com,Johannesburg
808,Lila Taylor,30,Female,lila.taylor@example.com,Cologne
809,Laila Chen,47,Female,laila.chen@example.com,Fortaleza
810,Gabriella Stone,55,Female,gabriella.stone@example.com,Istanbul
811,Rhett Austin,41,Male,rhett.austin@example.com,Cologne
812,Isabel Green,35,Female,isabel.green@example.com,Barcelone
813,Valeria Adams,54,Female,valeria.adams@example.com,Johannesburg
814,Serenity Beard,59,Female,serenity.beard@example.com,Bruxelles
815,Maria Rose,66,Female,maria.rose@example.com,Cape Town
816,Adrian Merritt,60,Male,adrian.merritt@example.com,Oran
817,David Williams,64,Male,david.williams@example.com,Anvers
818,Oliver Carlson,61,Male,oliver.carlson@example.com,Bruges
819,Lorenzo Garrett,45,Male,lorenzo.garrett@example.com,Barcelone
820,Gabriella Mosley,52,Female,gabriella.mosley@example.com,Guangzhou
821,Jordan Fletcher,50,Male,jordan.fletcher@example.com,Montréal
822,John Santos,74,Male,john.santos@example.com,Ankara
823,Nevaeh Salazar,61,Female,nevaeh.salazar@example.com,Cape Town
824,Theodore Walker,28,Male,theodore.walker@example.com,Annaba
825,Maeve Ward,49,Female,maeve.ward@example.com,Istanbul
826,Mariana Scott,26,Female,mariana.scott@example.com,Valence
827,Brandon Warren,68,Male,brandon.warren@example.com,Istanbul
828,Isaac Morrison,33,Male,isaac.morrison@example.com,Naples
829,Cora Huber,59,Female,cora.huber@example.com,Madrid
830,Brynlee Love,21,Female,brynlee.love@example.com,Lille
831,Ezekiel Bradley,58,Male,ezekiel.bradley@example.com,Istanbul
832,Justin Keller,24,Male,justin.keller@example.com,Buenos Aires
833,Christian Campos,61,Male,christian.campos@example.com,Guangzhou
834,Enzo Gordon,46,Male,enzo.gordon@example.com,Sousse
835,Winter Moore,37,Female,winter.moore@example.com,Hambourg
836,Cora Chavez,51,Female,cora.chavez@example.com,Barcelone
837,Jack Thornton,56,Male,jack.thornton@example.com,Los Angeles
838,Scarlett Hughes,26,Female,scarlett.hughes@example.com,Moscou
839,Brooklyn Collins,21,Female,brooklyn.collins@example.com,Rio de Janeiro
840,Elsie Drake,60,Female,elsie.drake@example.com,Chicago
841,Axel Adams,47,Male,axel.adams@example.com,Sfax
842,Sawyer Beard,62,Male,sawyer.beard@example.com,Shanghai
843,Zoey Griffith,29,Female,zoey.griffith@example.com,Ottawa
844,Melody Schultz,21,Female,melody.schultz@example.com,Salvador
845,Isabel Carr,67,Female,isabel.carr@example.com,Munich
846,Noah Bernard,50,Male,noah.bernard@example.com,Madrid
847,Connor Rose,60,Male,connor.rose@example.com,Salvador
848,Eliana West,55,Female,eliana.west@example.com,Francfort
849,Sadie Gomez,54,Female,sadie.gomez@example.com,Munich
850,Sophie Morales,27,Female,sophie.morales@example.com,Californie
851,Natalia Nguyen,68,Female,natalia.nguyen@example.com,Lyon
852,Roman Reid,68,Male,roman.reid@example.com,Sfax
853,Ivan Kelly,49,Male,ivan.kelly@example.com,Valence
854,Kinsley Lambert,58,Female,kinsley.lambert@example.com,Guangzhou
855,Karter Hamilton,60,Male,karter.hamilton@example.com,Ankara
856,Juliana Green,25,Female,juliana.green@example.com,Rome
857,Adriel Mills,58,Male,adriel.mills@example.com,Moscou
858,Valentina Griffith,70,Female,valentina.griffith@example.com,Valence
859,Wyatt Stark,70,Male,wyatt.stark@example.com,Turin
860,Weston Rodriguez,37,Male,weston.rodriguez@example.com,Brisbane
861,Benjamin Moreno,19,Male,benjamin.moreno@example.com,Kazan
862,Maeve Horn,57,Female,maeve.horn@example.com,Nice
863,Ayden Murray,71,Male,ayden.murray@example.com,Valence
864,Alexis Guerrero,51,Female,alexis.guerrero@example.com,Bruxelles
865,Josephine Woods,24,Female,josephine.woods@example.com,Ottawa
866,Elliot Morris,40,Male,elliot.morris@example.com,Bruges
867,Laila Washington,63,Female,laila.washington@example.com,Adana
868,Lucia Hodge,24,Female,lucia.hodge@example.com,Fortaleza
869,Ashton Armstrong,44,Male,ashton.armstrong@example.com,Ankara
870,Beau Chen,39,Male,beau.chen@example.com,Ankara
871,Grace Porter,63,Female,grace.porter@example.com,Tunis
872,Dahlia Perkins,35,Female,dahlia.perkins@example.com,Kazan
873,Raelynn Harding,59,Female,raelynn.harding@example.com,Liège
874,Elliot Larson,25,Male,1elliot.larson@example.com,Marseille
875,Alex Powers,59,Male,alex.powers@example.com,Barcelone
876,Sawyer Gonzalez,60,Male,sawyer.gonzalez@example.com,Montréal
877,Savannah Parks,55,Female,savannah.parks@example.com,Toronto
878,Caleb Mendez,71,Male,caleb.mendez@example.com,Ottawa
879,Sarah Carlson,34,Female,sarah.carlson@example.com,Liège
880,Easton Mitchell,29,Male,easton.mitchell@example.com,Sydney
881,Amira Molina,31,Female,amira.molina@example.com,Munich
882,Gabriella Cox,61,Female,gabriella.cox@example.com,Salvador
883,Jayce Cook,55,Male,jayce.cook@example.com,Moscou
884,Daniel George,62,Male,daniel.george@example.com,Perth
885,Noah Cunningham,20,Male,1noah.cunningham@example.com,Mendoza
886,Ada Black,46,Female,ada.black@example.com,Californie
887,Bennett Espinoza,29,Male,bennett.espinoza@example.com,Kazan
888,Isaac Brooks,57,Male,isaac.brooks@example.com,Fortaleza
889,Emmanuel Jimenez,32,Male,emmanuel.jimenez@example.com,Brisbane
890,Makenna Newman,53,Female,makenna.newman@example.com,Anvers
891,Ada Vazquez,50,Female,ada.vazquez@example.com,Madrid
892,Margaret Moss,24,Female,margaret.moss@example.com,Montréal
893,Vivian Dyer,26,Female,vivian.dyer@example.com,Sousse
894,Adrian Munoz,38,Male,adrian.munoz@example.com,Sydney
895,Lucas Larson,51,Male,lucas.larson@example.com,Phoenix
896,Kehlani Turner,70,Female,kehlani.turner@example.com,Guangzhou
897,Leilani Santiago,44,Female,leilani.santiago@example.com,Constantine
898,William Le,48,Male,william.le@example.com,Izmir
899,Brody Hoffman,52,Male,brody.hoffman@example.com,Rome
900,Vivian Brown,51,Female,vivian.brown@example.com,Tunis
901,Ian Arnold,39,Male,ian.arnold@example.com,Phoenix
902,Miles Greene,74,Male,miles.greene@example.com,Toronto
903,Jaxon Owens,55,Male,jaxon.owens@example.com,Toulouse
904,Milo Medina,21,Male,milo.medina@example.com,Rio de Janeiro
905,Gabriella George,19,Female,gabriella.george@example.com,Barcelone
906,Jade Holland,66,Female,jade.holland@example.com,Toulouse
907,Alexis Greer,43,Female,alexis.greer@example.com,Rome
908,Rachel Fowler,48,Female,rachel.fowler@example.com,Fortaleza
909,Damian Gamble,67,Male,damian.gamble@example.com,Brisbane
910,Ashton Lamb,26,Male,ashton.lamb@example.com,Kazan
911,Jonah Alexander,28,Male,jonah.alexander@example.com,La Plata
912,Valentina Mckinney,22,Female,valentina.mckinney@example.com,Adana
913,Molly Hicks,68,Female,molly.hicks@example.com,Naples
914,Noah Curry,24,Male,noah.curry@example.com,Bruges
915,Landon Young,64,Male,landon.young@example.com,Nice
916,Sophia Powell,62,Female,sophia.powell@example.com,Johannesburg
917,Layla Freeman,64,Female,layla.freeman@example.com,Turin
918,Paisley Wright,55,Female,paisley.wright@example.com,Shanghai
919,Ayden Gonzales,43,Male,ayden.gonzales@example.com,Liège
920,Gabriella Rios,57,Female,gabriella.rios@example.com,Phoenix
921,Catherine Riley,55,Female,catherine.riley@example.com,Perth
922,Kaiden Myers,70,Male,kaiden.myers@example.com,Rome
923,Juliana Russell,26,Female,juliana.russell@example.com,Saint-Pétersbourg
924,Valeria Daniels,53,Female,valeria.daniels@example.com,Paris
925,Nicholas Bowman,49,Male,nicholas.bowman@example.com,Sydney
926,Tessa Melendez,31,Female,tessa.melendez@example.com,Rosario
927,Adelaide Ross,29,Female,adelaide.ross@example.com,Tunis
928,Lucy Peters,41,Female,lucy.peters@example.com,Buenos Aires
929,Alex Kim,35,Male,alex.kim@example.com,Cape Town
930,Naomi Murphy,65,Female,naomi.murphy@example.com,Ottawa
931,Sadie West,52,Female,sadie.west@example.com,Johannesburg
932,Greyson Newton,60,Male,greyson.newton@example.com,Brasília
933,Elias Odom,37,Male,elias.odom@example.com,Toronto
934,Eloise Clark,51,Female,eloise.clark@example.com,Liège
935,Phoebe Morrison,40,Female,phoebe.morrison@example.com,Salvador
936,Vincent Bush,22,Male,vincent.bush@example.com,Liège
937,Luis Luna,64,Male,luis.luna@example.com,Cologne
938,August Reeves,24,Male,august.reeves@example.com,New York
939,Karter Anderson,34,Male,karter.anderson@example.com,Lille
940,Dahlia Spencer,47,Female,dahlia.spencer@example.com,Liège
941,Emilia Arnold,28,Female,emilia.arnold@example.com,Valence
942,Raelynn Hayes,74,Female,raelynn.hayes@example.com,Berlin
943,Harlow Brooks,75,Female,harlow.brooks@example.com,Brasília
944,Aria Potter,29,Female,aria.potter@example.com,Nice
945,William Burton,53,Male,william.burton@example.com,Brisbane
946,Lilly Hughes,73,Female,lilly.hughes@example.com,Bruges
947,Phoebe Schneider,67,Female,phoebe.schneider@example.com,Saint-Pétersbourg
948,Julian Welch,45,Male,julian.welch@example.com,Johannesburg
949,Parker Lawson,40,Male,parker.lawson@example.com,Moscou
950,Nicole Le,37,Female,nicole.le@example.com,Marseille
951,Jace Miller,57,Male,jace.miller@example.com,Liège
952,Mckenzie Grant,53,Female,mckenzie.grant@example.com,Valence
953,Elena Frost,69,Female,elena.frost@example.com,Rio de Janeiro
954,Kingston Morales,58,Male,kingston.morales@example.com,Constantine
955,Vivian Potter,60,Female,vivian.potter@example.com,Milan
956,Grayson Houston,30,Male,grayson.houston@example.com,Pékin
957,Joel Melendez,52,Male,joel.melendez@example.com,Cape Town
958,Everett Armstrong,42,Male,everett.armstrong@example.com,Sousse
959,Malachi Walsh,26,Male,malachi.walsh@example.com,Bruxelles
960,Caleb Greer,32,Male,caleb.greer@example.com,Francfort
961,Abigail Tran,42,Female,abigail.tran@example.com,Rome
962,Hudson Love,22,Male,hudson.love@example.com,Barcelone
963,Sloane Frederick,66,Female,sloane.frederick@example.com,Saint-Pétersbourg
964,Zoe Salazar,54,Female,zoe.salazar@example.com,Durban
965,John Harris,62,Male,john.harris@example.com,Alger
966,Antonio Galloway,53,Male,antonio.galloway@example.com,Izmir
967,Nicholas Warren,27,Male,nicholas.warren@example.com,New York
968,Zoey Berry,62,Female,zoey.berry@example.com,Sydney
969,Adaline Nichols,43,Female,adaline.nichols@example.com,Houston
970,Aaron Smith,71,Male,aaron.smith@example.com,Tunis
971,Sarah Love,49,Female,sarah.love@example.com,Palermo
972,Lorenzo Mendez,27,Male,lorenzo.mendez@example.com,Oran
973,Layla Herrera,67,Female,layla.herrera@example.com,Bruxelles
974,Thomas Vasquez,22,Male,thomas.vasquez@example.com,Sousse
975,Ava Franklin,47,Female,ava.franklin@example.com,Houston
976,Grayson Burns,54,Male,grayson.burns@example.com,Sydney
977,Giovanni Hanson,69,Male,giovanni.hanson@example.com,Rio de Janeiro
978,Nina Stephens,72,Female,nina.stephens@example.com,Toronto
979,Adam Hunter,63,Male,adam.hunter@example.com,Bruges
980,Maria Larson,57,Female,maria.larson@example.com,Gand
981,Catherine James,18,Female,catherine.james@example.com,Saint-Pétersbourg
982,Sebastian Li,53,Male,sebastian.li@example.com,Salvador
983,Ethan Ryan,19,Male,ethan.ryan@example.com,Sousse
984,Laila Gordon,68,Female,laila.gordon@example.com,Izmir
985,Emmanuel Ramos,74,Male,emmanuel.ramos@example.com,Los Angeles
986,Alexa Acosta,72,Female,alexa.acosta@example.com,Melbourne
987,Danielle Li,56,Female,danielle.li@example.com,Tunis
988,Declan Owens,65,Male,declan.owens@example.com,Toronto
989,Alaia Davidson,53,Female,alaia.davidson@example.com,Phoenix
990,Ella Hughes,22,Female,ella.hughes@example.com,Ankara
991,Hazel Holland,45,Female,hazel.holland@example.com,Houston
992,Ruby Meadows,69,Female,ruby.meadows@example.com,Johannesburg
993,Ella Watts,46,Female,ella.watts@example.com,Francfort
994,Everly Burke,58,Female,everly.burke@example.com,Gand
995,Mikayla Li,43,Female,mikayla.li@example.com,Sousse
996,Alaina Mccoy,21,Female,alaina.mccoy@example.com,Shanghai
997,Leo Cortez,30,Male,leo.cortez@example.com,Cape Town
998,Rachel Huber,41,Female,rachel.huber@example.com,Chicago
999,Ada Nash,28,Female,ada.nash@example.com,Toronto
1000,Faith Griffith,59,Female,faith.griffith@example.com,Melbourne
